crop,symptoms_text,disease,label,severity,treatment,prevention,source
rice,"leaf spots shaped like eyes or spindles with grey centre and brown edge, spots join together and leaves dry up",Rice blast,rice_blast,high,"Spray tricyclazole 75 WP at 0.6 g per litre at the first sign of spots; repeat after 12-15 days if new spots keep appearing. Do not apply extra urea while the disease is active.","Use blast resistant varieties recommended for your area|Treat seed with tricyclazole or carbendazim 2 g per kg before sowing|Give nitrogen in 3 split doses instead of one heavy dose|Keep the field and bunds free of grassy weeds","TNAU Agritech Portal, Crop Protection: Rice (agritech.tnau.ac.in); Plantwise Knowledge Bank rice blast guide"
rice,"neck of the earhead turns black and breaks, grains remain empty, grey centred spots also on leaves",Rice blast,rice_blast,high,,,
rice,"leaf tips turn yellow white and dry from the edges downwards in stripes with a wavy border, leaves dry in patches after rains",Bacterial leaf blight,rice_bacterial_leaf_blight,high,"No spray cures it fully. Drain the field, stop urea top dressing for 2 weeks, and spray copper oxychloride 3 g per litre to limit spread. Remove badly infected clumps.","Grow resistant varieties|Do not clip seedling leaf tips at transplanting|Use balanced fertilizer and avoid heavy urea doses|Do not let irrigation water flow from an infected field into a healthy one","TNAU Agritech Portal, Crop Protection: Rice (agritech.tnau.ac.in); IRRI Rice Knowledge Bank (knowledgebank.irri.org)"
rice,"young transplanted seedlings wilt and die suddenly, cut stem dipped in clear water shows milky ooze",Bacterial leaf blight,rice_bacterial_leaf_blight,high,,,
rice,"round patches of plants suddenly dry up and look burnt, many small brown insects sitting on the stem base just above the water",Brown planthopper,rice_brown_planthopper,high,"Drain the field for 3-4 days, then spray pymetrozine 50 WG 0.6 g per litre or dinotefuran 20 SG 0.4 g per litre aiming the nozzle at the base of the plants. Do not use synthetic pyrethroids - they make hoppers multiply faster.","Leave a 30 cm alleyway after every 8-10 rows so air and sunlight reach the base|Give nitrogen in 3 split doses|Avoid needless early sprays so spiders and mirid bugs that eat hoppers survive|Use BPH tolerant varieties where available","IRRI Rice Knowledge Bank BPH guide (knowledgebank.irri.org); TNAU Agritech Portal"
rice,"plants yellowing and drying in circular patches called hopper burn, clouds of small insects jump up when the plants are disturbed",Brown planthopper,rice_brown_planthopper,high,,,
rice,"central shoot of young plant dries into a dead heart that pulls out easily, small bore holes in the stem",Yellow stem borer,rice_stem_borer,moderate,"Apply cartap hydrochloride 4G granules 8 kg per acre or chlorantraniliprole 0.4 GR 4 kg per acre in a thin film of standing water at tillering. Pull out and destroy dead hearts.","Set pheromone traps 3-4 per acre to catch moths|Release Trichogramma egg parasitoid cards where available|Cut stubble at ground level after harvest and plough it in|Avoid staggered late planting in one area","TNAU Agritech Portal, Crop Protection: Rice (agritech.tnau.ac.in)"
rice,"at earhead stage whole panicles turn white and stand empty, whiteheads come out easily when pulled",Yellow stem borer,rice_stem_borer,moderate,,,
rice,"oval green grey water soaked patches on the leaf sheath near the water line, patches join into a snake skin pattern and climb up",Sheath blight,rice_sheath_blight,moderate,"Spray hexaconazole 5 EC 2 ml per litre or validamycin 3L 2.5 ml per litre directed at the lower part of the plants; repeat after 12-15 days if new patches appear.","Do not transplant too dense|Avoid excess nitrogen|Drain the field periodically instead of keeping deep water throughout|Remove grassy weeds on bunds that carry the fungus","TNAU Agritech Portal, Crop Protection: Rice (agritech.tnau.ac.in)"
rice,"boat shaped grey patches with brown border on the sheath at water level, upper leaves also getting patches in dense crop",Sheath blight,rice_sheath_blight,moderate,,,
rice,"some grains in the earhead are replaced by round velvety green or orange powder balls",False smut,rice_false_smut,low,"Spray copper oxychloride 2.5 g per litre or propiconazole 25 EC 1 ml per litre at boot leaf stage before the ear comes out. Collect smut balls gently into a bag and destroy - do not shake them over the field.","Avoid very high urea doses|Sow and transplant on time|Use clean certified seed|Avoid ear-emergence coinciding with continuous drizzle where possible","TNAU Agritech Portal, Crop Protection: Rice (agritech.tnau.ac.in)"
rice,"greenish yellow dust balls on rice grains after flowering in cloudy weather",False smut,rice_false_smut,low,,,
rice,"leaves folded lengthwise and stitched with silk, white transparent streaks where the green layer has been eaten, folded leaves dry up",Rice leaf folder,rice_leaf_folder,moderate,"If more than 2 damaged leaves per plant, spray chlorantraniliprole 18.5 SC 0.3 ml per litre or cartap hydrochloride 50 SP 2 g per litre.","Do not overuse urea|Keep bunds trimmed|Avoid unnecessary sprays so spiders and wasps survive|Use light traps to catch the moths","TNAU Agritech Portal, Crop Protection: Rice (agritech.tnau.ac.in)"
rice,"small green caterpillar found inside folded paddy leaf, white patches on leaves that later dry",Rice leaf folder,rice_leaf_folder,moderate,,,
rice,"oval brown spots like sesame seeds with grey centre scattered on leaves, leaves turn yellow and dry, poor weak looking crop",Brown spot,rice_brown_spot,moderate,"Spray mancozeb 75 WP 2.5 g per litre or propiconazole 25 EC 1 ml per litre at first appearance. Brown spot attacks weak crops - also correct the nutrition with the recommended potash and zinc dose.","Treat seed with carbendazim 2 g per kg - the fungus is seed borne|Apply balanced fertilizer as per soil test, the disease is worst in poor deficient soils|Avoid water stress|Use resistant varieties in disease prone areas","TNAU Agritech Portal, Crop Protection: Rice (agritech.tnau.ac.in)"
rice,"yellow leaves and many round brown spots on rice leaves, spots have dark border and lighter centre, grains also getting brown marks",Brown spot,rice_brown_spot,moderate,,,
rice,"small blue black spiny beetles sitting on leaves, white parallel streaks and window like scraped patches, leaf tips drying",Rice hispa,rice_hispa,moderate,"Clip and destroy leaf tips carrying eggs and grubs. If beetles are widespread, spray quinalphos 25 EC 2 ml per litre.","Avoid excess nitrogen|In hispa prone areas clip seedling leaf tips before transplanting|Keep field edges free of grasses","TNAU Agritech Portal, Crop Protection: Rice (agritech.tnau.ac.in)"
rice,"holes in leaves and small insects visible on the paddy leaves, leaves look scraped and whitish",Rice hispa,rice_hispa,moderate,,,
wheat,"yellow orange powder in long stripes along the veins of the leaf, powder sticks to the finger when rubbed, spreading in cold cloudy weather",Yellow rust (stripe rust),wheat_yellow_rust,high,"Spray propiconazole 25 EC 1 ml per litre (about 200 ml per acre in 200 litres of water) as soon as the first pustules are seen, covering the whole field, not just patches; repeat after 15 days if it keeps spreading.","Grow the current rust resistant varieties recommended for your zone|Sow on time|Avoid excess nitrogen|Scout the crop weekly in cool humid weeks of January and February","ICAR yellow rust advisory (icar.org.in); ICAR-IIWBR Wheat Crop Health Newsletter (iiwbr.org.in)"
wheat,"wheat leaves show lines of yellow dust and the field looks yellowish from a distance in january february",Yellow rust (stripe rust),wheat_yellow_rust,high,,,
wheat,"round orange brown powdery dots scattered all over the leaf, not in lines, appearing in the warmer weeks of late season",Brown rust (leaf rust),wheat_brown_rust,moderate,"Spray propiconazole 25 EC 1 ml per litre or tebuconazole 25.9 EC 1 ml per litre at first appearance; one more spray after 15 days if pustules increase.","Grow resistant varieties|Sow on time so grain filling escapes hot humid spells|Destroy volunteer wheat plants around the field","ICAR-IIWBR Wheat Crop Health Newsletter (iiwbr.org.in); TNAU Agritech Portal"
wheat,"scattered round rusty brown dots on wheat leaves that rub off as orange powder",Brown rust (leaf rust),wheat_brown_rust,moderate,,,
wheat,"earheads come out as loose black powder instead of grain, the black dust blows away leaving a bare stalk",Loose smut,wheat_loose_smut,moderate,"An infected plant cannot be saved. Cover smutted ears with a bag, pull them out and burn them so the powder does not spread. The fungus travels inside seed - next season treat seed with carboxin + thiram 75 WS 2 g per kg or tebuconazole 2 DS 1 g per kg.","Always sow certified treated seed|Never save seed from a field that had loose smut|Solar heat treatment (soak seed 4 hours in water then dry in hot sun) also disinfects small seed lots","PAU Package of Practices for Rabi crops (pau.edu); TNAU Agritech Portal"
wheat,"black powdery heads in wheat at earing, only the central stalk remains after wind",Loose smut,wheat_loose_smut,moderate,,,
wheat,"white grey powdery patches on leaves and stem which later turn dirty grey, more in dense crop and cool cloudy weather",Powdery mildew,wheat_powdery_mildew,moderate,"Spray wettable sulphur 80 WP 2.5 g per litre or propiconazole 25 EC 1 ml per litre when the first patches appear.","Avoid very dense sowing|Avoid excess nitrogen|Grow resistant varieties in mildew prone hill and foothill areas","TNAU Agritech Portal, Crop Protection: Wheat (agritech.tnau.ac.in)"
wheat,"flour like white coating on wheat leaves that can be rubbed off",Powdery mildew,wheat_powdery_mildew,moderate,,,
wheat,"groups of small soft green insects on earheads and upper leaves, sticky honeydew and black sooty layer on leaves",Wheat aphid,wheat_aphid,moderate,"First rely on ladybird beetles which eat aphids. Spray only if many plants have 10-15 aphids per earhead: imidacloprid 17.8 SL 0.25 ml per litre or thiamethoxam 25 WG 0.2 g per litre, in the evening.","Avoid very late sowing|Do not spray without need - natural enemies usually control aphids|Yellow sticky traps at the field edge help you monitor build up","PAU Package of Practices for Rabi crops (pau.edu); TNAU Agritech Portal"
wheat,"black and green small insects sucking on wheat ears, hands get sticky when touching the crop",Wheat aphid,wheat_aphid,moderate,,,
wheat,"plants dry up in patches and come out easily when pulled, roots eaten away, white ants seen in the soil, worse in sandy unirrigated fields",Termite damage,wheat_termite,moderate,"Irrigate immediately - termites move away from wet soil. Then apply chlorpyriphos 20 EC 1 litre per acre mixed with irrigation water through the water channel.","In termite prone fields treat seed with chlorpyriphos 20 EC 4 ml per kg before sowing|Use only well rotted FYM, never raw dung|Remove stubble and crop residue that attracts termites","PAU Package of Practices for Rabi crops (pau.edu); TNAU Agritech Portal"
wheat,"white ants eating wheat roots, drying plants scattered in the field that pull out easily",Termite damage,wheat_termite,moderate,,,
cotton,"flowers do not open properly and look like a rosette, pink caterpillars inside green bolls, damaged seeds and stained lint",Pink bollworm,cotton_pink_bollworm,high,"Set 8 pheromone traps per acre; when catches cross about 8 moths per trap for 3 nights, spray profenofos 50 EC 2 ml per litre or emamectin benzoate 5 SG 0.4 g per litre. Pick and destroy rosette flowers and infested bolls every week.","End the crop by December-January and never keep it as ratoon|Destroy stalks and unopened bolls after the last picking|Use pheromone mating disruption ropes (PBKnot/SPLAT) where your department supplies them|Start trap monitoring from flowering stage","ICAR-CICR pink bollworm advisories (cicr.org.in); mating disruption field reports, Down To Earth / Krishak Jagat 2022-23"
cotton,"bolls open badly with blackened spoiled lint late in the season, small pink worms found inside bolls",Pink bollworm,cotton_pink_bollworm,high,,,
cotton,"tiny white flies rise in a cloud when the plant is shaken, leaves sticky with black sooty coating and turning yellow",Whitefly,cotton_whitefly,high,"Spray neem oil 5 ml per litre with a little soap, or diafenthiuron 50 WP 1 g per litre, in the evening covering the underside of leaves. Avoid synthetic pyrethroids which flare up whitefly.","Put up yellow sticky traps 4-6 per acre|Remove alternate host weeds like kanghi (Abutilon) around the field|Avoid excess nitrogen|Sow recommended varieties at the recommended time","ICAR-CICR whitefly advisory for north zone cotton (cicr.org.in); TNAU Agritech Portal"
cotton,"cotton leaves yellow and sticky with small white insects underneath, black mould on leaf surface",Whitefly,cotton_whitefly,high,,,
cotton,"leaves curl upward or downward with thick swollen veins, small cup like leafy growths on the underside, plant stunted",Cotton leaf curl virus,cotton_leaf_curl_virus,high,"No spray can cure the virus. Pull out and bury badly affected plants early, and control the whitefly that spreads it (neem oil 5 ml per litre or diafenthiuron 50 WP 1 g per litre).","Grow leaf curl tolerant varieties recommended in north India|Control whitefly from the seedling stage|Remove weed hosts in and around the field|Avoid sowing next to an already infected field","ICAR-CICR cotton leaf curl disease advisories (cicr.org.in)"
cotton,"cotton plant small with curled thick leaves and vein swelling, whiteflies present, few bolls",Cotton leaf curl virus,cotton_leaf_curl_virus,high,,,
cotton,"leaf edges turn yellow then reddish brown and curl downwards like a cup, small green wedge shaped insects that walk sideways under leaves",Jassid (leafhopper),cotton_jassid,moderate,"Spray only when there are 2-3 jassids per leaf on many plants: flonicamid 50 WG 0.3 g per litre or imidacloprid 17.8 SL 0.25 ml per litre.","Choose hairy leaf jassid tolerant varieties|Imidacloprid treated seed protects the first 40-50 days|Avoid excess nitrogen which makes leaves soft and attractive","TNAU Agritech Portal, Crop Protection: Cotton (agritech.tnau.ac.in); ICAR-CICR"
cotton,"cotton leaves red at the edges and curling down, crop looks scorched, tiny green hoppers underneath",Jassid (leafhopper),cotton_jassid,moderate,,,
cotton,"angular water soaked spots on leaves that turn dark brown to black, spots run along the veins, black lesions on stem and boll rot",Bacterial blight,cotton_bacterial_blight,moderate,"Spray copper oxychloride 3 g per litre plus streptocycline 0.1 g per litre at the first sign and repeat after 10 days.","Use acid delinted certified seed|Rotate with non cotton crops for a season|Collect and burn infected plant debris after harvest","TNAU Agritech Portal, Crop Protection: Cotton (agritech.tnau.ac.in)"
cotton,"black angular spots on cotton leaves and black arm like patches on stems after rains",Bacterial blight,cotton_bacterial_blight,moderate,,,
tomato,"dark brown spots with a ring pattern like a target on the older lower leaves, yellowing around the spots, leaves drop",Early blight,tomato_early_blight,moderate,"Remove the worst affected leaves. Spray mancozeb 75 WP 2.5 g per litre; if it keeps spreading alternate with azoxystrobin 23 SC 1 ml per litre.","Do not grow tomato or potato in the same bed every season|Stake plants and keep lower leaves off the soil|Water at the base, not over the leaves|Use healthy seedlings","TNAU Agritech Portal, Horticulture Crop Protection: Tomato (agritech.tnau.ac.in)"
tomato,"target like ring spots on tomato leaves starting from the bottom of the plant, spots also on stems and fruit base",Early blight,tomato_early_blight,moderate,,,
tomato,"large water soaked dark patches on leaves and stems during cool cloudy wet weather, white fungal ring under the leaf, fruits get greasy brown patches, spreads within days",Late blight,tomato_late_blight,high,"Act fast: remove infected parts and spray cymoxanil 8% + mancozeb 64% WP 3 g per litre; repeat after 10 days. The disease slows down in dry sunny weather.","Start protective mancozeb 2.5 g per litre sprays when the weather turns cool and cloudy|Avoid overhead evening irrigation|Space plants for air flow|Destroy volunteer potato and tomato plants nearby","ICAR-CPRI late blight management studies (cpri.icar.gov.in); TNAU Agritech Portal"
tomato,"tomato leaves turning black and rotting fast in foggy weather, brown firm patches spreading on green fruits",Late blight,tomato_late_blight,high,,,
tomato,"young leaves curl upward become small yellow and crinkled, plant stops growing and gives few fruits, whiteflies under leaves",Tomato leaf curl virus,tomato_leaf_curl_virus,high,"No spray cures the virus. Remove and bury infected plants as soon as they are seen, and control whitefly with yellow sticky traps and neem oil 5 ml per litre.","Raise seedlings under a fine nylon net|Grow leaf curl tolerant hybrids|Hang yellow sticky traps from nursery stage itself|Keep the field and borders weed free","IIHR / TNAU Agritech Portal, tomato leaf curl management (agritech.tnau.ac.in)"
tomato,"tomato plants stunted with small curled yellow leaves and almost no fruit set, tiny white insects flying around",Tomato leaf curl virus,tomato_leaf_curl_virus,high,,,
tomato,"round holes bored in fruits, caterpillar feeding with its head inside the fruit and body outside, damaged fruits rot and drop",Tomato fruit borer,tomato_fruit_borer,high,"Hand pick and destroy damaged fruits and caterpillars. Spray HaNPV 250 LE 1 ml per litre or Bt 2 g per litre in the evening while larvae are small; if damage continues use chlorantraniliprole 18.5 SC 0.3 ml per litre. Keep a 5-7 day gap between the last spray and picking.","Plant a row of marigold around tomato as a trap crop - the moths prefer laying eggs on it|Set pheromone traps 4-5 per acre|Put up bird perches|Do not repeat the same insecticide again and again","TNAU Agritech Portal; ICAR-NBAIR biocontrol recommendations (nbair.res.in)"
tomato,"worms making holes in tomatoes and eating them from inside, half the fruit spoiled",Tomato fruit borer,tomato_fruit_borer,high,,,
tomato,"plant wilts suddenly while still green without yellowing, cut stem dipped in a glass of clean water releases milky white threads",Bacterial wilt,tomato_bacterial_wilt,high,"No chemical cures it. Remove wilted plants along with root soil. Drench the remaining beds with bleaching powder solution and do not move soil from the affected patch to other beds.","Do not grow tomato, chilli, brinjal or potato in that field for 2-3 seasons|Use raised beds with good drainage|Use resistant varieties or grafted seedlings where available|Wash tools after working in an infected patch","TNAU Agritech Portal, Horticulture Crop Protection: Tomato (agritech.tnau.ac.in); IIHR"
tomato,"green tomato plants drooping and dying one by one though there is water in the field, roots look brown inside",Bacterial wilt,tomato_bacterial_wilt,high,,,
tomato,"nursery seedlings rot at the soil line, topple over and die in patches, worse in wet crowded beds",Damping off,tomato_damping_off,moderate,"Drench affected nursery beds with copper oxychloride 3 g per litre. Remove dead seedlings and reduce watering at once.","Raise the nursery on beds 10-15 cm high|Treat seed with Trichoderma viride 4 g per kg or captan 2 g per kg|Do not sow too thick|Water in the morning only","TNAU Agritech Portal, nursery disease management (agritech.tnau.ac.in)"
tomato,"tomato seedlings falling over at ground level in the nursery with a rotten thin stem",Damping off,tomato_damping_off,moderate,,,
potato,"dark water soaked patches at leaf tips and edges spreading very fast in cool cloudy drizzly weather, white fungal ring under the leaf, blackened stems and a rotten smell in the field",Late blight,potato_late_blight,high,"Spray cymoxanil 8% + mancozeb 64% WP 3 g per litre immediately and repeat after 10 days. If the tops are badly hit near maturity, cut and remove the haulm so the spores do not wash down and rot the tubers.","Begin protective sprays of mancozeb 75 WP 2.5 g per litre as soon as fog and cloudy weather set in|Plant healthy certified seed tubers|Make high ridges so rain cannot wash spores onto tubers|Follow the late blight alerts issued by your KVK or agriculture department","ICAR-CPRI late blight spray schedules (cpri.icar.gov.in)"
potato,"potato leaves turning black and rotting within a few days of foggy weather, tubers later show reddish brown dry rot under the skin",Late blight,potato_late_blight,high,,,
potato,"angular dark brown spots with clear concentric rings on the older lower leaves, leaves yellow and dry from the bottom of the plant upwards",Early blight,potato_early_blight,moderate,"Spray mancozeb 75 WP 2.5 g per litre at the first sign and repeat after 10-12 days if the spots increase.","Use healthy seed tubers|Keep the crop well fed and watered - weak plants get early blight first|Rotate with cereals|Destroy infected haulm after harvest","ICAR-CPRI; TNAU Agritech Portal, Crop Protection: Potato (agritech.tnau.ac.in)"
potato,"ring patterned brown spots on lower potato leaves in warm weather, plant drying from below",Early blight,potato_early_blight,moderate,,,
potato,"hard black soil like crusts stuck on the tuber skin that do not wash off, sprouts from such tubers rot or carry brown sunken cankers",Black scurf,potato_black_scurf,moderate,"Affected tubers are still safe to eat but must not be used as seed. For seed lots, dip tubers in 3% boric acid solution for 30 minutes and dry in shade before storing or planting.","Buy certified seed tubers|Rotate potato with cereals|Harvest soon after maturity - the longer tubers sit in soil the more scurf forms","ICAR-CPRI seed tuber health recommendations (cpri.icar.gov.in)"
potato,"black hard specks like stuck mud on potato tubers which do not rub off after washing",Black scurf,potato_black_scurf,moderate,,,
potato,"small green insects under potato leaves and sticky leaf surface, plants grown from own saved seed are weak with rolled or mottled leaves",Aphids and viral degeneration,potato_aphid_virus,moderate,"Spray imidacloprid 17.8 SL 0.25 ml per litre when aphids build up, especially in a crop kept for seed.","Replace your own saved seed with certified seed every 2-3 years|In seed crops cut the haulm when aphid counts rise as advised for your area|Pull out weak mosaic and leaf roll plants as soon as seen","ICAR-CPRI seed plot technique (cpri.icar.gov.in)"
potato,"potato plants from home saved seed growing weak with curled rolled leaves and low yield, small insects on the underside of leaves",Aphids and viral degeneration,potato_aphid_virus,moderate,,,
potato,"thin winding tunnels inside leaves, small caterpillars boring into tubers in the field and in the store, black droppings at the tunnel mouth",Potato tuber moth,potato_tuber_moth,moderate,"In the field, earth up immediately so no tuber stays exposed. In the store, keep tubers in thin layers and cover them with a 2 cm layer of dried neem or lantana leaves.","Never leave harvested tubers lying in the field overnight|Store only sound undamaged tubers in a cool dark airy place|Keep ridges high so tubers remain covered with soil","TNAU Agritech Portal, Crop Protection: Potato (agritech.tnau.ac.in); ICAR-CPRI"
potato,"small worms found in stored potatoes with tunnels and dirt inside, moths flying in the potato store",Potato tuber moth,potato_tuber_moth,moderate,,,
chilli,"leaves curl upward like a boat, become crinkled and brittle, tiny slender insects run inside leaf folds, flower buds drop and the plant looks bushy and stunted",Thrips leaf curl,chilli_thrips,high,"Spray fipronil 5 SC 2 ml per litre or spinosad 45 SC 0.3 ml per litre covering the growing tips; repeat after 15 days if fresh curling continues.","Do not grow chilli after chilli in the same bed|Hang blue sticky traps for thrips|Light sprinkler irrigation raises humidity and checks thrips|Avoid excess nitrogen","ICAR-IIHR and TNAU chilli thrips recommendations (agritech.tnau.ac.in); Indian Journal of Entomology field trials"
chilli,"chilli leaves curling up and crinkling, buds falling, plant stunted like churda murda",Thrips leaf curl,chilli_thrips,high,,,
chilli,"leaves curl downward with long leaf stalks, turn dark green and shiny, growing point stops, no insect visible to the naked eye",Yellow mite,chilli_mite,moderate,"Spray wettable sulphur 80 WP 3 g per litre or spiromesifen 22.9 SC 1 ml per litre on the underside of leaves; repeat after 10 days.","Remember: downward curl means mites, upward curl means thrips - identify before spraying|Avoid dusty tracks beside the crop|Do not overuse synthetic pyrethroids which flare mites","TNAU Agritech Portal, Horticulture Crop Protection: Chilli (agritech.tnau.ac.in)"
chilli,"chilli leaves bending down and turning dark shiny green, plant tip growth stopped, no pest seen",Yellow mite,chilli_mite,moderate,,,
chilli,"ripe fruits develop round sunken black spots with rings, fruits rot and fall, twig tips dry backwards from the top",Anthracnose fruit rot and dieback,chilli_anthracnose,high,"Remove and destroy infected fruit. Spray azoxystrobin 23 SC 1 ml per litre or carbendazim 12% + mancozeb 63% WP 2.5 g per litre at flowering and again at fruit formation, 2-3 sprays 15 days apart.","Take seed only from healthy fruits or buy certified seed|Treat seed with Trichoderma viride 4 g per kg or thiram 2 g per kg|Avoid overhead irrigation during fruiting|Prune and burn dried infected twigs","TNAU Agritech Portal; published Indian field trials on chilli anthracnose fungicides (azoxystrobin, carbendazim+mancozeb)"
chilli,"black round sunken spots on red chilli fruits which spread and spoil the whole fruit, branch tips drying",Anthracnose fruit rot and dieback,chilli_anthracnose,high,,,
chilli,"chilli nursery seedlings rot at the base and fall over in patches, more where beds stay wet",Damping off,chilli_damping_off,moderate,"Drench the nursery bed with copper oxychloride 3 g per litre and stop heavy watering. Remove dead seedlings.","Raise seedlings on raised beds or in trays|Treat seed with Trichoderma viride 4 g per kg|Sow thin|Water only in the morning","TNAU Agritech Portal, nursery disease management (agritech.tnau.ac.in)"
chilli,"young chilli plants dying in the nursery with thin rotten stems near the soil",Damping off,chilli_damping_off,moderate,,,
maize,"ragged holes and window like patches on whorl leaves, wet sawdust like droppings inside the funnel, caterpillar with an inverted Y mark on its head",Fall armyworm,maize_fall_armyworm,high,"For small larvae drop dry sand or soil mixed with lime into the funnel. If more than 1 in 10 plants show fresh damage, spray emamectin benzoate 5 SG 0.4 g per litre or spinetoram 11.7 SC 0.5 ml per litre directly into the whorl in the evening.","Set pheromone traps 4 per acre from the first week|Sow on time and together with neighbouring fields|Intercrop maize with pulses|Put up bird perches - birds pick larvae from whorls","ICAR fall armyworm advisory; Indian field efficacy trials (Florida Entomologist 2020; Maharashtra/TNAU trials)"
maize,"young maize funnel eaten with big ragged holes and moist frass like wet sawdust, worms hide deep in the whorl during the day",Fall armyworm,maize_fall_armyworm,high,,,
maize,"central shoot of young maize dries into a dead heart, rows of small shot holes appear across the leaf when it unfolds",Maize stem borer,maize_stem_borer,moderate,"Spray chlorantraniliprole 18.5 SC 0.3 ml per litre into the whorls 10-15 days after germination in borer prone areas. Remove and destroy dead hearts.","Sow early|Release Trichogramma egg parasitoid cards where available|Remove and destroy stubble after harvest|Intercrop with cowpea","TNAU Agritech Portal, Crop Protection: Maize (agritech.tnau.ac.in)"
maize,"holes in straight lines across maize leaves and some plants with dried central shoots",Maize stem borer,maize_stem_borer,moderate,,,
maize,"long boat or cigar shaped grey brown dried patches on leaves starting from the lower leaves and moving up",Turcicum leaf blight,maize_turcicum_blight,moderate,"Spray mancozeb 75 WP 2.5 g per litre at first appearance and repeat after 10-12 days if it spreads.","Grow tolerant hybrids|Rotate with non cereal crops|Bury or compost infected residue instead of leaving it on the field","TNAU Agritech Portal, Crop Protection: Maize (agritech.tnau.ac.in)"
maize,"big long grey brown dry lesions on maize leaves, lower leaves drying first",Turcicum leaf blight,maize_turcicum_blight,moderate,,,
sugarcane,"third and fourth leaves dry first then the whole top, split cane shows red inside with white patches running crosswise, sour alcohol like smell",Red rot,sugarcane_red_rot,high,"No spray can cure red rot. Cut and burn affected clumps along with roots, and stop irrigation water flowing from the affected plot to healthy ones. Do not take a ratoon crop from an infected field.","Plant resistant varieties recommended by your sugar mill or university|Take setts only from healthy disease free fields|Dip setts in carbendazim 0.1% solution before planting|Rotate the field with rice or green manure for a season","ICAR-Sugarcane Breeding Institute, Coimbatore (sbi.icar.gov.in); TNAU Agritech Portal"
sugarcane,"cane drying from the top, inside of the stalk red with white cross bands and a smell like spoiled toddy",Red rot,sugarcane_red_rot,high,,,
sugarcane,"dead hearts in 1-3 month old cane that pull out easily and smell rotten, small holes with frass near the base of shoots",Early shoot borer,sugarcane_early_shoot_borer,moderate,"Apply chlorantraniliprole 0.4 GR granules about 7.5 kg per acre near the cane rows and earth up. Remove and destroy dead hearts.","Cover the soil between rows with trash mulch - the moth avoids mulched fields|Plant early before hot weather|Earth up at the right stage|Release Trichogramma cards where available","TNAU Agritech Portal, Crop Protection: Sugarcane (agritech.tnau.ac.in)"
sugarcane,"young sugarcane shoots drying in the middle and coming out with a bad smell when pulled",Early shoot borer,sugarcane_early_shoot_borer,moderate,,,
sugarcane,"a long black whip like structure comes out of the growing point of the cane instead of leaves, covered with black powder",Smut,sugarcane_smut,moderate,"Cover the black whip with a bag before it sheds powder, pull out the whole clump and burn it. Do not keep a ratoon of a badly affected field.","Treat setts in hot water at 50 degrees C for 2 hours (or moist hot air at the mill) before planting|Use healthy seed cane from disease free nurseries|Grow resistant varieties","ICAR-Sugarcane Breeding Institute, Coimbatore (sbi.icar.gov.in); TNAU Agritech Portal"
sugarcane,"black whip like shoot growing from the top of sugarcane covered in dark dust",Smut,sugarcane_smut,moderate,,,
sugarcane,"dead heart in grown cane that does not pull out easily, tunnels in the midrib of top leaves, side shoots sprout near the top giving a bunchy look",Top borer,sugarcane_top_borer,moderate,"Apply chlorantraniliprole 18.5 SC 375 ml per hectare as soil drench near the rows at the recommended timing for your state, and cut out and destroy affected tops.","Remove egg masses seen on the underside of top leaves|Release Trichogramma or Isotima parasitoids where the department supplies them|Avoid excess nitrogen late in the season","TNAU Agritech Portal, Crop Protection: Sugarcane (agritech.tnau.ac.in)"
sugarcane,"top of the cane dried with bunchy side shoots and tunnels seen in the leaf midribs",Top borer,sugarcane_top_borer,moderate,,,
mustard,"dense colonies of grey green insects covering flowering shoots and pods, plants sticky with honeydew, shoots curl and dry",Mustard aphid,mustard_aphid,high,"Spray only when there are 50-60 aphids per 10 cm of the top shoot on many plants: thiamethoxam 25 WG 0.2 g per litre or imidacloprid 17.8 SL 0.25 ml per litre, late in the evening to protect honeybees.","Sow by mid October - an early sown crop largely escapes aphids|Do not spray without crossing the threshold, ladybird beetles eat huge numbers of aphids|Yellow sticky traps help you watch the build up","ICAR-DRMR, Bharatpur (drmr.res.in); ICAR Journal of Oilseed Brassica aphid ETL 50-60 per 10 cm shoot"
mustard,"sarson flowering tops fully covered with small grey insects, plants sticky and shoots bending",Mustard aphid,mustard_aphid,high,,,
mustard,"round dark brown to black spots with concentric rings on leaves and later on pods, spots join and leaves dry",Alternaria blight,mustard_alternaria_blight,moderate,"Spray mancozeb 75 WP 2.5 g per litre at first appearance and repeat after 15 days if the spots increase.","Sow on time|Use clean certified seed|Avoid evening irrigation in cloudy spells|Remove crop debris after harvest","ICAR-DRMR, Bharatpur (drmr.res.in); TNAU Agritech Portal"
mustard,"target like dark ring spots on mustard leaves and pods in humid weather",Alternaria blight,mustard_alternaria_blight,moderate,,,
mustard,"creamy white raised pustules on the underside of leaves, flower heads become swollen twisted green structures called stag heads",White rust,mustard_white_rust,moderate,"Spray metalaxyl + mancozeb 72 WP 2.5 g per litre when white pustules appear, and nip off and destroy the swollen deformed flower heads.","Treat seed with metalaxyl 35 SD 6 g per kg|Sow on time|Rotate fields|Avoid irrigating during flowering in disease prone humid weeks","ICAR-DRMR; Indian field trials showing metalaxyl+mancozeb 0.2% effective against white rust"
mustard,"white paint like blisters under mustard leaves and deformed swollen flower shoots with no pods",White rust,mustard_white_rust,moderate,,,
mustard,"red and black patterned bugs sucking sap on young seedlings and again on ripening pods, patches of seedlings dry up",Painted bug,mustard_painted_bug,moderate,"Collect and destroy bugs in the morning. If seedlings are dying, spray malathion 50 EC 2 ml per litre; repeat on harvested windrows if bugs attack there.","Sow early|Give the first light irrigation 3-4 weeks after sowing which destroys many eggs|Thresh the harvested crop quickly, do not leave heaps in the field for days","ICAR-DRMR, Bharatpur (drmr.res.in); TNAU Agritech Portal"
mustard,"black and red small bugs in groups on mustard seedlings, seedlings drying in patches",Painted bug,mustard_painted_bug,moderate,,,
gram,"green or brown striped caterpillars first eat leaves then bore round holes in pods and eat the grain with the head inside the pod",Gram pod borer,gram_pod_borer,high,"While larvae are small spray HaNPV 250 LE 1 ml per litre or neem seed kernel extract 5%. If 1-2 larvae per metre row remain at flowering and podding, spray emamectin benzoate 5 SG 0.4 g per litre.","Set pheromone traps 4-5 per acre|Fix T shaped bird perches 8-10 per acre - birds pick the caterpillars|Intercrop gram with coriander or linseed|Do not repeat the same insecticide season after season","ICAR-IIPR, Kanpur IPM package for chickpea (iipr.icar.gov.in); TNAU Agritech Portal"
gram,"worms making round holes in chana pods and eating the seed from inside, green caterpillars also eating leaves",Gram pod borer,gram_pod_borer,high,,,
gram,"plants droop and dry in patches, colour dull green turning straw, split root shows dark brown to black streaks inside, seedlings and podding stage worst hit",Fusarium wilt,gram_fusarium_wilt,high,"A wilted plant cannot be saved. Pull out and remove affected plants. For the next crop treat seed with Trichoderma viride 4 g per kg plus carboxin + thiram 2 g per kg and grow a wilt resistant variety such as JG 315.","Sow from the last week of October onwards when the soil has cooled|In wilt sick fields rotate with cereals for 2-3 years|Use resistant varieties|Avoid moisture stress followed by irrigation shocks","ICAR-IIPR, Kanpur (iipr.icar.gov.in); published Indian trials of Trichoderma + carboxin seed treatment for chickpea wilt"
gram,"chana plants wilting and drying in patches in the field, inside of the root black when split open",Fusarium wilt,gram_fusarium_wilt,high,,,
gram,"young seedlings topple and die, white fungal threads and small mustard seed like balls seen at the collar near the soil, worse in moist soil with undecomposed stubble",Collar rot,gram_collar_rot,moderate,"Remove dead seedlings together with the fungus and surrounding soil, and stop heavy irrigation. Gap fill with seed treated with Trichoderma viride 4 g per kg.","Treat all seed with Trichoderma viride 4 g per kg before sowing|Remove or burn undecomposed stubble before sowing|Do not sow too deep|Avoid heavy irrigation at seedling stage","ICAR-IIPR, Kanpur (iipr.icar.gov.in); TNAU Agritech Portal"
gram,"chana seedlings dying at one month with white fungus and tiny round balls at the stem base near soil",Collar rot,gram_collar_rot,moderate,,,
gram,"plants dry up suddenly in patches at flowering and podding during a warm dry spell, roots look grey brittle and shredded with no rot smell",Dry root rot,gram_dry_root_rot,moderate,"Plants that have dried cannot recover. A light irrigation at pod filling during a dry spell reduces further plant deaths.","Sow on time so pod filling escapes peak heat|Treat seed with Trichoderma viride 4 g per kg|Choose tolerant varieties|Avoid moisture stress at flowering and podding","ICAR-IIPR, Kanpur (iipr.icar.gov.in)"
gram,"chana drying suddenly near maturity in hot dry weather, roots brittle and grey that break easily",Dry root rot,gram_dry_root_rot,moderate,,,
